_link,codice_risposta,stazione_appaltante_CF_AMMINISTRAZIONE_APPALTANTE,stazione_appaltante_CITTA,stazione_appaltante_CODICE_AUSA,stazione_appaltante_DENOMINAZIONE_AMMINISTRAZIONE_APPALTANTE,stazione_appaltante_DENOMINAZIONE_CENTRO_COSTO,stazione_appaltante_ID_CENTRO_COSTO,stazione_appaltante_INDIRIZZO,stazione_appaltante_ISTAT_COMUNE,stazione_appaltante_REGIONE,stazione_appaltante_SEZIONE_REGIONALE,pubblicazioni_DATA_CREAZIONE,pubblicazioni_DATA_PUBBLICAZIONE,bando_CIG,bando_COD_MODALITA_REALIZZAZIONE,bando_COD_TIPO_SCELTA_CONTRAENTE,bando_TIPO_SCELTA_CONTRAENTE,bando_TIPO_CIG,bando_DATA_SCADENZA_OFFERTA,bando_FLAG_ESCLUSO,bando_IMPORTO_COMPLESSIVO_GARA,bando_IMPORTO_LOTTO,bando_LUOGO_ISTAT,bando_MODALITA_REALIZZAZIONE,bando_N_LOTTI_COMPONENTI,bando_NUMERO_GARA,bando_OGGETTO_GARA,bando_OGGETTO_LOTTO,bando_OGGETTO_PRINCIPALE_CONTRATTO,bando_SETTORE,bando_STATO,bando_LUOGO_NUTS,bando_SIGLA_PROVINCIA,pubblicazioni_DATA_GUCE,pubblicazioni_DATA_GURI,pubblicazioni_LINK_SITO_COMMITTENTE,bando_COD_MOTIVO_URGENZA,bando_COD_STRUMENTO_SVOLGIMENTO,bando_DENOMINAZIONE_SA_DELEGANTE,bando_DENOMINAZIONE_SA_DELEGATA,bando_STRUMENTO_SVOLGIMENTO,bando_DURATA_PREVISTA,bando_FLAG_PREV_RIPETIZIONI,bando_FLAG_URGENZA,bando_IMPORTO_SICUREZZA,bando_DETTAGLIO_STATO_DATA_ULTIMO_PERFEZIONAMENTO,bando_IPOTESI_COLLEGAMENTO_COD_IPOTESI_COLLEGAMENTO,bando_CIG_ACCORDO_QUADRO
0,NOKSN,80004070837,MESSINA,0000238626,UNIVERSITA  DEGLI STUDI DI MESSINA,RIPARTIZIONE SERVIZI TECNICI,C2B2A0C1-E7D9-4F75-8ECD-A480C753E1F8,VIA  CONSOLATO DEL MARE,019083048,SICILIA,SEZIONE REGIONALE CENTRALE,2021-11-22,2021-11-22,8989865F45,1,24,AFFIDAMENTO DIRETTO,ORDINARIO,2021-11-22,0,148000,148000,083048,CONTRATTO D'APPALTO,1,8358682,LAVORI PER LA REALIZZAZIONE DI UN CENTRO PER LA DISSEZIONE DELLE SALME AI FINI DELLA FORMAZIONE DELLA DIDATTICA E DELLA RICERCA ALL'INTERNO DELLA TORRE BIOLOGICA DEL POLICLINICO UNIVERSITARIO,LAVORI PER LA REALIZZAZIONE DI UN CENTRO PER LA DISSEZIONE DELLE SALME AI FINI DELLA FORMAZIONE DELLA DIDATTICA E DELLA RICERCA ALL'INTERNO DELLA TORRE BIOLOGICA DEL POLICLINICO UNIVERSITARIO,LAVORI,SETTORI ORDINARI,ATTIVO,,,,,,,,,,,,,,,,,
1,NOKSN,80004070837,MESSINA,0000238626,UNIVERSITA  DEGLI STUDI DI MESSINA,RIPARTIZIONE SERVIZI TECNICI,C2B2A0C1-E7D9-4F75-8ECD-A480C753E1F8,VIA  CONSOLATO DEL MARE,019083048,SICILIA,SEZIONE REGIONALE CENTRALE,2021-12-10,2021-12-10,9019801F3D,1,24,AFFIDAMENTO DIRETTO,ORDINARIO,2021-12-10,0,13426772.61,13426772.61,,CONTRATTO D'APPALTO,1,8381416,EFFICIENTAMENTO ENERGETICO DEL PATRIMONIO IMMOBILIARE DI ATENEO,EFFICIENTAMENTO ENERGETICO DEL PATRIMONIO IMMOBILIARE DI ATENEO,LAVORI,SETTORI ORDINARI,ATTIVO,ITG13,,,,,,,,,,,,,,,,
2,NOKSN,80002760835,MESSINA,0000235262,CITTA  METROPOLITANA DI MESSINA,IV DIREZIONE SERVIZI TECNICI GENERALI,A444C9DA-EDFD-4FBA-AD33-A224362E9A32,CORSO CAVOUR,019083048,SICILIA,SEZIONE REGIONALE SICILIA,2021-12-13,2021-12-14,9022379EAC,1,24,AFFIDAMENTO DIRETTO,ORDINARIO,2021-12-14,0,36302.76,36302.76,083048,CONTRATTO D'APPALTO,1,8383663,I.I.S. F. MAUROLICO - INTERVENTI DI MESSA IN SICUREZZA DELL'EDIFICIO SCOLASTICO - CODICE EDIFICIO 1-083048252. AFFIDAMENTO DIRETTO DI SUPPORTO TECNICO AL R.U.P.,I.I.S. F. MAUROLICO - INTERVENTI DI MESSA IN SICUREZZA DELL'EDIFICIO SCOLASTICO - CODICE EDIFICIO 1-083048252. AFFIDAMENTO DIRETTO DI SUPPORTO TECNICO AL R.U.P.,SERVIZI,SETTORI ORDINARI,ATTIVO,,MESSINA,,,,,,,,,,,,,,,
3,NOKSN,80002760835,MESSINA,0000235262,CITTA  METROPOLITANA DI MESSINA,IV DIREZIONE SERVIZI TECNICI GENERALI,A444C9DA-EDFD-4FBA-AD33-A224362E9A32,CORSO CAVOUR,019083048,SICILIA,SEZIONE REGIONALE SICILIA,2021-12-16,2021-12-17,9030558C33,1,24,AFFIDAMENTO DIRETTO,ORDINARIO,2021-12-17,0,30575.93,30575.93,083048,CONTRATTO D'APPALTO,1,8390916,L.S. SEGUENZA - INTERVENTI DI MESSA IN SICUREZZA DELL'EDIFICIO SCOLASTICO - CODICE EDIFICIO 1-0830483201. AFFIDAMENTO DIRETTO DI  SUPPORTO AL R.U.P.,L.S. SEGUENZA - INTERVENTI DI MESSA IN SICUREZZA DELL'EDIFICIO SCOLASTICO - CODICE EDIFICIO 1-0830483201. AFFIDAMENTO DIRETTO DI  SUPPORTO AL R.U.P.,SERVIZI,SETTORI ORDINARI,ATTIVO,,MESSINA,,,,,,,,,,,,,,,
4,NOKSN,80002760835,MESSINA,0000235262,CITTA  METROPOLITANA DI MESSINA,IV DIREZIONE SERVIZI TECNICI GENERALI,A444C9DA-EDFD-4FBA-AD33-A224362E9A32,CORSO CAVOUR,019083048,SICILIA,SEZIONE REGIONALE SICILIA,2021-12-29,2021-12-22,904981713E,1,24,AFFIDAMENTO DIRETTO,ORDINARIO,2021-12-23,0,100220.71,100220.71,083048,CONTRATTO D'APPALTO,1,8407891,INCARICO PER AFFIDAMENTO DI SERVIZIO DI INGEGNERIA E ARCHITETTURA (ART. 36 D. LGS. N.50/2016 E S.M.I.) RELATIVO  AGLI INTERVENTI DI MESSA IN SICUREZZA DELL'EDIFICIO SCOLASTICO''I. I. S. F. MAUROLICO  DI MESSINA,SCHEMA DISCIPLINARE DI INCARICO PER AFFIDAMENTO DI SERVIZIO DI INGEGNERIA E ARCHITETTURA (ART. 36 D. LGS. N.50/2016 E S.M.I.) RELATIVO ALL'INTERVENTO 'I. I. S. F. MAUROLICO - INTERVENTI DI MESSA IN SICUREZZA DELL'EDIFICIO SCOLASTICO'.,SERVIZI,SETTORI ORDINARI,ATTIVO,,MESSINA,,,,,,,,,,,,,,,
5,NOKSN,80010550830,MESSINA,0000321423,TRIBUNALE DI MESSINA,SPESE GESTIONE D'UFFICIO,2F7866A4-3778-45C7-896B-0FAC7C9DF9F4,PZA PIAZZA MAUROLICO VIA TOMMASO CANNIZZARO,019083048,SICILIA,SEZIONE REGIONALE CENTRALE,2021-12-29,2022-01-11,905020516E,1,24,AFFIDAMENTO DIRETTO,ORDINARIO,2022-01-18,0,18018,18018,,CONTRATTO D'APPALTO,1,8401054,REALIZZAZIONE DI TRE STRUTTURE PRECARIE NEGLI ANDRONI DI PALAZZO PIACENTINI PER LA SISTEMAZIONE DEI LAVORATORI ADDETTI ALL' UFFICIO PER IL PROCESSO,REALIZZAZIONE DI TRE STRUTTURE PRECARIE NEGLI ANDRONI DI PALAZZO PIACENTINI PER LA SISTEMAZIONE DEI LAVORATORI ADDETTI ALL' UFFICIO PER IL PROCESSO,LAVORI,SETTORI ORDINARI,ATTIVO,ITG13,,,,,,,,,,,,,,,,
6,NOKSN,97254170588,ROMA,0000247334,AGENZIA INDUSTRIE DIFESA,DIREZIONE GENERALE,065666C2-802E-4D10-AE31-4DBE87E5C7C9,VIA XX SETTEMBRE,012058091,LAZIO,SEZIONE REGIONALE CENTRALE,2022-03-08,2022-05-02,91314338E3,1,34,PROCEDURA NEGOZIATA PER AFFIDAMENTI SOTTO SOGLIA,ORDINARIO,2022-05-31,0,82633.02,82633.02,083048,CONTRATTO D'APPALTO,1,8477903,AFFIDAMENTO DELLA PROGETTAZIONE DEFINITIVA ED ESECUTIVA EDIFICIO CARPENTERIA IN FERRO ED.47 - MANUTENZIONE STRAORDINARIA EDILE ED IMPIANTISTICA. MESSINA ,AFFIDAMENTO DELLA PROGETTAZIONE DEFINITIVA ED ESECUTIVA EDIFICIO CARPENTERIA IN FERRO ED.47 - MANUTENZIONE STRAORDINARIA EDILE ED IMPIANTISTICA. MESSINA ,SERVIZI,SETTORI ORDINARI,ATTIVO,ITG13,MESSINA,,,,,,,,,,,,,,,
7,NOKSN,97254170588,ROMA,0000247334,AGENZIA INDUSTRIE DIFESA,DIREZIONE GENERALE,065666C2-802E-4D10-AE31-4DBE87E5C7C9,VIA XX SETTEMBRE,012058091,LAZIO,SEZIONE REGIONALE CENTRALE,2022-04-06,2022-06-23,9175625D46,1,34,PROCEDURA NEGOZIATA PER AFFIDAMENTI SOTTO SOGLIA,ORDINARIO,2022-06-23,0,70711.97,70711.97,083048,CONTRATTO D'APPALTO,1,8515139,"PROGETTAZIONE DEFINITIVA ED ESECUTIVA, COMPRESO IL PIANO DI SICUREZZA E COORDINAMENTO, PER LA MANUTENZIONE STRAORDINARIA EDILE ED IMPIANTISTICA DELLE CABINE ELETTRICHE DI STABILIMENTO E DELLA RETE IDRICA INTERNA - MESSINA (ME) - I.D. 7640 - ARSENALE MILITARE DI MESSINA ","PROGETTAZIONE DEFINITIVA ED ESECUTIVA, COMPRESO IL PIANO DI SICUREZZA E COORDINAMENTO, PER LA MANUTENZIONE STRAORDINARIA EDILE ED IMPIANTISTICA DELLE CABINE ELETTRICHE DI STABILIMENTO E DELLA RETE IDRICA INTERNA - MESSINA (ME) - I.D. 7640 - ARSENALE MILITARE DI MESSINA ",SERVIZI,SETTORI ORDINARI,ATTIVO,ITG13,MESSINA,,,,,,,,,,,,,,,
8,NOKSN,05678721001,ROMA,0000225258,AGENZIA NAZIONALE PER L ATTRAZIONE DEGLI INVESTIMENTI E LO SVILUPPO D IMPRESA S.P.A.,CENTRALE DI COMMITTENZA,33986B12-6680-4F38-AE62-C734375E3060,VIA CALABRIA 46,012058091,LAZIO,SEZIONE REGIONALE CENTRALE,2022-04-07,2022-04-11,9179733B4E,17,1,PROCEDURA APERTA,ORDINARIO,2022-05-26,0,131897394.46,44396351.62,,ACCORDO QUADRO,8,8518539,"PROCEDURA DI GARA APERTA AI SENSI DEGLI ARTT. 54 E 60 DEL D.LGS. N. 50/2016, DA REALIZZARSI MEDIANTE PIATTAFORMA TELEMATICA, PER LA CONCLUSIONE DI ACCORDI QUADRO CON PIU’ OPERATORI ECONOMICI PER L’AFFIDAMENTO DI LAVORI (OG1 – OG11) E SERVIZI DI INGEGNERIA E ARCHITETTURA (E.21 – E.06 – S.03 – IA.02 – IA.04) PER LA NUOVA EDIFICAZIONE, RISTRUTTURAZIONE E RIQUALIFICAZIONE DI EDIFICI PUBBLICI RESIDENZIALI E NON.","ACCORDO QUADRO OG1 - OG11 - SUB - LOTTO PRESTAZIONALE 1 – SERVIZI TECNICI DI PROGETTAZIONE, DL, CSP, CSE - LOTTO GEOGRAFICO: CALABRIA - SICILIA",SERVIZI,SETTORI ORDINARI,ATTIVO,ITF6,,2022-04-15,2022-04-11,:INGATE.INVITALIA.IT,,,,,,,,,,,,
9,NOKSN,05678721001,ROMA,0000225258,AGENZIA NAZIONALE PER L ATTRAZIONE DEGLI INVESTIMENTI E LO SVILUPPO D IMPRESA S.P.A.,CENTRALE DI COMMITTENZA,33986B12-6680-4F38-AE62-C734375E3060,VIA CALABRIA 46,012058091,LAZIO,SEZIONE REGIONALE CENTRALE,2022-04-08,2022-04-11,9180083C22,17,1,Procedura aperta,Ordinario,2022-05-26,0,19614237.22,6761913.14,,Accordo quadro,7,8518897,"PROCEDURA DI GARA APERTA AI SENSI DEGLI ARTT. 54 E 60 DEL D.LGS. N. 50/2016, DA REALIZZARSI MEDIANTE PIATTAFORMA TELEMATICA, PER LA CONCLUSIONE DI ACCORDI QUADRO CON PIU’ OPERATORI ECONOMICI PER L’AFFIDAMENTO DI LAVORI (OG1 – OG11) E SERVIZI DI INGEGNERIA E ARCHITETTURA (E.21 – E.06 – S.03 – IA.02 – IA.04) PER LA NUOVA EDIFICAZIONE, RISTRUTTURAZIONE E RIQUALIFICAZIONE DI EDIFICI PUBBLICI RESIDENZIALI E NON.",ACCORDO QUADRO OG1 - OG11 - SUB - LOTTO PRESTAZIONALE 1 – SERVIZI DI VERIFICA DELLA PROGETTAZIONE - LOTTO GEOGRAFICO: CALABRIA - SICILIA,SERVIZI,Settori Ordinari,ATTIVO,ITF6,,,,,0,5,LICIS - A.B.C. - STRADE SOCIETÀ CONSORTILE A RESPONSABILITÀ LIMITATA,LICIS - A.B.C. - STRADE SOCIETÀ CONSORTILE A RESPONSABILITÀ LIMITATA,Procedure svolte attraverso piattaforme telematiche di negoziazione Art.58,1220,0,0,0,2022-05-25,10,
10,NOKSN,05678721001,ROMA,0000225258,AGENZIA NAZIONALE PER L ATTRAZIONE DEGLI INVESTIMENTI E LO SVILUPPO D IMPRESA S.P.A.,CENTRALE DI COMMITTENZA,33986B12-6680-4F38-AE62-C734375E3060,VIA CALABRIA 46,012058091,LAZIO,SEZIONE REGIONALE CENTRALE,2022-04-08,2022-04-11,9180888473,17,1,Procedura aperta,Ordinario,2022-05-26,0,254667045.11,87259381.95,,Accordo quadro,8,8519463,"PROCEDURA DI GARA APERTA AI SENSI DEGLI ARTT. 54 E 60 DEL D.LGS. N. 50/2016, DA REALIZZARSI MEDIANTE PIATTAFORMA TELEMATICA, PER LA CONCLUSIONE DI ACCORDI QUADRO CON PIU’ OPERATORI ECONOMICI PER L’AFFIDAMENTO DI LAVORI (OG1 – OG11) E SERVIZI DI INGEGNERIA E ARCHITETTURA (E.21 – E.06 – S.03 – IA.02 – IA.04) PER LA NUOVA EDIFICAZIONE, RISTRUTTURAZIONE E RIQUALIFICAZIONE DI EDIFICI PUBBLICI RESIDENZIALI E NON.",ACCORDO QUADRO OG1 - OG11 - SUB - LOTTO PRESTAZIONALE 3 – LAVORI - LOTTO GEOGRAFICO: CALABRIA - SICILIA,LAVORI,Settori Ordinari,ATTIVO,ITF6,,,,,0,5,LICIS - A.B.C. - STRADE SOCIETÀ CONSORTILE A RESPONSABILITÀ LIMITATA,LICIS - A.B.C. - STRADE SOCIETÀ CONSORTILE A RESPONSABILITÀ LIMITATA,Procedure svolte attraverso piattaforme telematiche di negoziazione Art.58,1220,0,0,0,2022-05-24,10,
11,NOKSN,80002760835,MESSINA,0000235262,CITTA  METROPOLITANA DI MESSINA,IV DIREZIONE SERVIZI TECNICI GENERALI,A444C9DA-EDFD-4FBA-AD33-A224362E9A32,CORSO CAVOUR,019083048,SICILIA,SEZIONE REGIONALE SICILIA,2022-07-01,2022-07-08,93060191D2,1,24,AFFIDAMENTO DIRETTO,ORDINARIO,2022-07-08,0,49619.81,49619.81,083048,CONTRATTO D'APPALTO,1,8631719,INCARICO PER AFFIDAMENTO DI SERVIZIO TECNICO DI SUPPORTO AL R.U.P. (ART. 31 COMMA 7 D.LGS. 50/2016 E S.M.I.)  RELATIVO AGLI INTERVENTI DI MESSA IN SICUREZZA DELL'EDIFICIO SCOLASTICO L. S.  ARCHIMEDE DI MESSINA - (CODICE ARES EDIFICIO 0830480833),INCARICO PER AFFIDAMENTO DI SERVIZIO TECNICO DI SUPPORTO AL R.U.P. (ART. 31 COMMA 7 D.LGS. 50/2016 E S.M.I.)  RELATIVO AGLI INTERVENTI DI MESSA IN SICUREZZA DELL'EDIFICIO SCOLASTICO L. S.  ARCHIMEDE DI MESSINA - (CODICE ARES EDIFICIO 0830480833),SERVIZI,SETTORI ORDINARI,ATTIVO,ITG13,MESSINA,,,,,,,,,,,,,,,
12,NOKSN,80002760835,MESSINA,0000235262,CITTA  METROPOLITANA DI MESSINA,IV DIREZIONE SERVIZI TECNICI GENERALI,A444C9DA-EDFD-4FBA-AD33-A224362E9A32,CORSO CAVOUR,019083048,SICILIA,SEZIONE REGIONALE SICILIA,2022-07-05,2022-07-27,9309708613,1,24,AFFIDAMENTO DIRETTO,ORDINARIO,2022-07-27,0,44896.24,44896.24,083048,CONTRATTO D'APPALTO,1,8634726,DISCIPLINARE DI INCARICO PER AFFIDASMENTO DI SERVIZIO DI INGEGNIERIA E ARCHITETTURA (ART. 36 D. LGS. N. 50/2016 E S.M.I.) RELATIVO ALL'INTERVENTO L.S. SEGUENZA DI MESSINA - INTERVENTI DI MESSA IN SICUREZZA DELL'EDIFICIO SCOLASTICO - PRESTAZIONI SPECIALISTICHE IMPIANTISTICHE ED EFFICIENTAMENTO ENERGETICO.,DISCIPLINARE DI INCARICO PER AFFIDAMENTO DI SERVIZIO DI INGEGNIERIA E ARCHITETTURA (ART. 36 D. LGS. N. 50/2016 E S.M.I.) RELATIVO ALL'INTERVENTO 'L.S. SEGUENZA' DI MESSINA - INTERVENTI DI MESSA IN SICUREZZA DELL'EDIFICIO SCOLASTICO - PRESTAZIONI SPECIALISTICHE IMPIANTISTICHE ED EFFICIENTAMENTO ENERGETICO.,SERVIZI,SETTORI ORDINARI,ATTIVO,ITG13,MESSINA,,,,,,,,,,,,,,,
13,NOKSN,80002760835,MESSINA,0000235262,CITTA  METROPOLITANA DI MESSINA,IV DIREZIONE SERVIZI TECNICI GENERALI,A444C9DA-EDFD-4FBA-AD33-A224362E9A32,CORSO CAVOUR,019083048,SICILIA,SEZIONE REGIONALE SICILIA,2022-07-07,2022-07-27,9313921ABF,1,24,AFFIDAMENTO DIRETTO,ORDINARIO,2022-07-27,0,40808.03,40808.03,083048,CONTRATTO D'APPALTO,1,8638613,AFFIDAMENTO DIRETTO SERVIZI DI ARCHITETTURA E INGEGNERIA - PRESTAZIONI SPECIALISTICHE STRUTTURALI PER PROGETTAZIONE E DIREZIONE OPERATIVA: IL 'L.S. G. SEGUENZA' DI MESSINA - INTERVENTI DI MESSA IN SICUREZZA DELL'EDIFICIO SCOLASTICO - CODICE EDIFICIO - 0830483201,AFFIDAMENTO DIRETTO SERVIZI DI ARCHITETTURA E INGEGNERIA - PRESTAZIONI SPECIALISTICHE STRUTTURALI PER PROGETTAZIONE E DIREZIONE OPERATIVA: IL 'L.S. G. SEGUENZA' DI MESSINA - INTERVENTI DI MESSA IN SICUREZZA DELL'EDIFICIO SCOLASTICO - CODICE EDIFICIO - 0830483201,SERVIZI,SETTORI ORDINARI,ATTIVO,ITG13,MESSINA,,,,,,,,,,,,,,,
14,NOKSN,80002760835,MESSINA,0000235262,CITTA  METROPOLITANA DI MESSINA,IV DIREZIONE SERVIZI TECNICI GENERALI,A444C9DA-EDFD-4FBA-AD33-A224362E9A32,CORSO CAVOUR,019083048,SICILIA,SEZIONE REGIONALE SICILIA,2022-07-26,2022-07-26,9341651E43,1,24,AFFIDAMENTO DIRETTO,ORDINARIO,2022-07-26,0,136543.96,136543.96,083048,CONTRATTO D'APPALTO,1,8662512, AFFIDAMENTO DIRETTO DEI SERVIZI DI ARCHITETTURA E INGEGNERIA - PRESTAZIONI SPECIALISTICHE PROGETTAZIONE DI FATTIBILITÀ TECNICA ED ECONOMICA E DIREZIONE OPERATIVA, AFFIDAMENTO DIRETTO DEI SERVIZI DI ARCHITETTURA E INGEGNERIA - PRESTAZIONI SPECIALISTICHE PROGETTAZIONE DI FATTIBILITÀ TECNICA ED ECONOMICA E DIREZIONE OPERATIVA,SERVIZI,SETTORI ORDINARI,ATTIVO,ITG13,MESSINA,,,,,,,,,,,,,,,
15,NOKSN,80002760835,MESSINA,0000235262,CITTA' METROPOLITANA DI MESSINA,V DIREZIONE - AMBIENTE E PIANIFICAZIONE,40E5720C-DEF4-4199-8728-AFE9687A7275,CORSO CAVOUR,019083048,SICILIA,SEZIONE REGIONALE SICILIA,2022-07-27,2022-09-12,9344557C5F,10,1,PROCEDURA APERTA,ORDINARIO,2023-01-18,0,300000,300000,083048,CONCORSI DI PROGETTAZIONE/CONCORSI DI IDEE,1,8664975,"CONCORSO DI PROGETTAZIONE RELATIVO A:  'INTERVENTI PER LA REALIZZAZIONE DI SISTEMI ED INFRASTRUTTURE FINALIZZATE ALLA CREAZIONE DI PERCORSI DIDATTICI IMPLEMENTATI CON TECNOLOGIE DI REALTÀ AUMENTATA E VIRTUALE, CREAZIONE DI SITI WEB DEDICATI NONCHÉ DI OPERE ED ATTIVITÀ FINALIZZATE ALLA MAGGIORE E MIGLIORE ACCESSIBILITÀ DELLE RR.NN.OO. GESTITE DALLA CITTÀ METROPOLITANA DI MESSINA'","CONCORSO DI PROGETTAZIONE RELATIVO A:  'INTERVENTI PER LA REALIZZAZIONE DI SISTEMI ED INFRASTRUTTURE FINALIZZATE ALLA CREAZIONE DI PERCORSI DIDATTICI IMPLEMENTATI CON TECNOLOGIE DI REALTÀ AUMENTATA E VIRTUALE, CREAZIONE DI SITI WEB DEDICATI NONCHÉ DI OPERE ED ATTIVITÀ FINALIZZATE ALLA MAGGIORE E MIGLIORE ACCESSIBILITÀ DELLE RR.NN.OO. GESTITE DALLA CITTÀ METROPOLITANA DI MESSINA'",SERVIZI,SETTORI ORDINARI,ATTIVO,ITG13,MESSINA,,,,,,,,,,,,,,,
16,NOKSN,80002760835,MESSINA,0000235262,CITTA  METROPOLITANA DI MESSINA,IV DIREZIONE SERVIZI TECNICI GENERALI,A444C9DA-EDFD-4FBA-AD33-A224362E9A32,CORSO CAVOUR,019083048,SICILIA,SEZIONE REGIONALE SICILIA,2022-09-06,2022-09-26,939257239D,1,24,AFFIDAMENTO DIRETTO,ORDINARIO,2022-09-26,0,96807.35,96807.35,083048,CONTRATTO D'APPALTO,1,8709119,I.I.S. F MAUROLICO - INTERVENTI DI MESSA IN SICUREZZA DELL'EDIFICIO SCOLASTICO - AFFIDAMENTO DEI SERVIZI DI VERIFICA PREVENTIVA ALLA PROGETTAZIONE EX ART. 26 D.LGS. 50/2016,I.I.S. F MAUROLICO - INTERVENTI DI MESSA IN SICUREZZA DELL'EDIFICIO SCOLASTICO - AFFIDAMENTO DEI SERVIZI DI VERIFICA PREVENTIVA ALLA PROGETTAZIONE EX ART. 26 D.LGS. 50/2016,SERVIZI,SETTORI ORDINARI,ATTIVO,ITG13,MESSINA,,,,,,,,,,,,,,,
17,NOKSN,03051890832,MESSINA,0000211972,AZIENDA OSPEDALIERA UNIVERSITARIA G. MARTINO DI MESSINA,SETTORE GESTIONE ATTIVITA' TECNICHE,091F84E6-0B6A-44A5-B917-D5794F66BB38,VIA CONSOLARE VALERIA,019083048,SICILIA,SEZIONE REGIONALE SICILIA,2022-09-20,2022-09-20,9412495C95,1,24,AFFIDAMENTO DIRETTO,ORDINARIO,2022-09-27,0,33901.8,33901.8,083048,CONTRATTO D'APPALTO,1,8729672,PNRR - PNC MISSIONE 6 SALUTE. INTERVENTO DI ADEGUAMENTO SISMICO DI CORPI DI FABBRICA DELL'EDIFICIO C DELL'A.O.U. 'G. MARTINO' DI MESSINA'. INDIZIONE PROCEDURA TELEMATICA PER L'AFFIDAMENTO DEL SERVIZIO DI INGEGNERIA E ARCHITETTURA RELATIVO ALL'ATTIVITÀ DI SUPPORTO AL RUP PER L'INTERVENTO DI ADEGUAMENTO SISMICO DI CORPI DI FABBRICA DELL'EDIFICIO C DELL'A.O.U. 'G. MARTINO' DI MESSINA.,PNRR - PNC MISSIONE 6 SALUTE. INTERVENTO DI ADEGUAMENTO SISMICO DI CORPI DI FABBRICA DELL'EDIFICIO C DELL'A.O.U. 'G. MARTINO' DI MESSINA'. INDIZIONE PROCEDURA TELEMATICA PER L'AFFIDAMENTO DEL SERVIZIO DI INGEGNERIA E ARCHITETTURA RELATIVO ALL'ATTIVITÀ DI SUPPORTO AL RUP PER L'INTERVENTO DI ADEGUAMENTO SISMICO DI CORPI DI FABBRICA DELL'EDIFICIO C DELL'A.O.U. 'G. MARTINO' DI MESSINA.,SERVIZI,SETTORI ORDINARI,ATTIVO,ITG13,MESSINA,,,,,,,,,,,,,,,
18,NOKSN,05678721001,ROMA,0000225258,AGENZIA NAZIONALE PER L ATTRAZIONE DEGLI INVESTIMENTI E LO SVILUPPO D IMPRESA S.P.A.,CENTRALE DI COMMITTENZA,33986B12-6680-4F38-AE62-C734375E3060,VIA CALABRIA 46,012058091,LAZIO,SEZIONE REGIONALE CENTRALE,2022-09-28,2022-09-29,94246413CA,17,1,PROCEDURA APERTA,ORDINARIO,2022-11-03,0,148563385.21,42853182.59,,ACCORDO QUADRO,7,8740806,"PROCEDURA DI GARA APERTA AI SENSI DEGLI ARTT. 54 E 60 DEL D.LGS. N. 50/2016, DA REALIZZARSI MEDIANTE PIATTAFORMA TELEMATICA, PER LA CONCLUSIONE DI ACCORDI QUADRO CON PIU’ OPERATORI ECONOMICI PER L’AFFIDAMENTO DI LAVORI (OG1 – OG11) E SERVIZI DI INGEGNERIA E ARCHITETTURA (E.20 – E.13 – S.03 – IA.02 – IA.04) PER LA RISTRUTTURAZIONE, LA MANUTENZIONE E LA RIFUNZIONALIZZAZIONE ECOSOSTENIBILE DI STRUTTURE EDILIZIE PUBBLICHE ESISTENTI.  SUB - LOTTO PRESTAZIONALE 1 – SERVIZI TECNICI DI PROGETTAZIONE, DIREZIONE LAVORI (DL), COORDINAMENTO DELLA SICUREZZA IN FASE DI PROGETTAZIONE (CSP) – COORDINAMENTO DELLA SICUREZZA IN FASE DI ESECUZIONE (CSE). ",AQ1 (OG1 - OG11) - SUB-LOTTO 1 - LOTTO GEOGRAFICO 6 (MESSINA - CATANIA - PALERMO).  ,SERVIZI,SETTORI ORDINARI,ATTIVO,ITG1,,,,,,,,,,,,,,,,
19,NOKSN,05678721001,ROMA,0000225258,AGENZIA NAZIONALE PER L ATTRAZIONE DEGLI INVESTIMENTI E LO SVILUPPO D IMPRESA S.P.A.,CENTRALE DI COMMITTENZA,33986B12-6680-4F38-AE62-C734375E3060,VIA CALABRIA 46,012058091,LAZIO,SEZIONE REGIONALE CENTRALE,2022-09-28,2022-09-29,9424690C37,17,1,PROCEDURA APERTA,ORDINARIO,2022-11-03,0,23938879.44,6991534.71,,ACCORDO QUADRO,7,8740852,"PROCEDURA DI GARA APERTA AI SENSI DEGLI ARTT. 54 E 60 DEL D.LGS. N. 50/2016, DA REALIZZARSI MEDIANTE PIATTAFORMA TELEMATICA, PER LA CONCLUSIONE DI ACCORDI QUADRO CON PIU’ OPERATORI ECONOMICI PER L’AFFIDAMENTO DI LAVORI (OG1 – OG11) E SERVIZI DI INGEGNERIA E ARCHITETTURA (E.20 – E.13 – S.03 – IA.02 – IA.04) PER LA RISTRUTTURAZIONE, LA MANUTENZIONE E LA RIFUNZIONALIZZAZIONE ECOSOSTENIBILE DI STRUTTURE EDILIZIE PUBBLICHE ESISTENTI.  SUB-DISCIPLINARE 2 SUB - LOTTO PRESTAZIONALE 2 – SERVIZI DI VERIFICA DELLA PROGETTAZIONE ",AQ1 (OG1-OG11) SUB-LOTTO 2 SERVIZI DI VERIFICA DELLA PROGETTAZIONE - LOTTO GEOGRAFICO 6 (MESSINA-CATANIA-PALERMO) ,SERVIZI,SETTORI ORDINARI,ATTIVO,ITG1,,,,,,,,,,,,,,,,
20,NOKSN,05678721001,ROMA,0000225258,AGENZIA NAZIONALE PER L ATTRAZIONE DEGLI INVESTIMENTI E LO SVILUPPO D IMPRESA S.P.A.,CENTRALE DI COMMITTENZA,33986B12-6680-4F38-AE62-C734375E3060,VIA CALABRIA 46,012058091,LAZIO,SEZIONE REGIONALE CENTRALE,2022-09-28,2022-09-29,942477418C,17,1,PROCEDURA APERTA,ORDINARIO,2022-11-03,0,628968991.91,156530010.12,,ACCORDO QUADRO,7,8740941,"PROCEDURA DI GARA APERTA AI SENSI DEGLI ARTT. 54 E 60 DEL D.LGS. N. 50/2016, DA REALIZZARSI MEDIANTE PIATTAFORMA TELEMATICA, PER LA CONCLUSIONE DI ACCORDI QUADRO CON PIU’ OPERATORI ECONOMICI PER L’AFFIDAMENTO DI LAVORI (OG1 – OG11) E SERVIZI DI INGEGNERIA E ARCHITETTURA (E.20 – E.13 – S.03 – IA.02 – IA.04) PER LA RISTRUTTURAZIONE, LA MANUTENZIONE E LA RIFUNZIONALIZZAZIONE ECOSOSTENIBILE DI STRUTTURE EDILIZIE PUBBLICHE ESISTENTI.   SUB-DISCIPLINARE 4 SUB - LOTTO PRESTAZIONALE 4 – APPALTO INTEGRATO ",AQ1 (OG1-OG11) SUB-LOTTO 4 - LOTTO GEOGRAFICO 6 (MESSINA-CATANIA-PALERMO) ,LAVORI,SETTORI ORDINARI,ATTIVO,ITG1,,,,,,,,,,,,,,,,
21,NOKSN,05678721001,ROMA,0000225258,AGENZIA NAZIONALE PER L ATTRAZIONE DEGLI INVESTIMENTI E LO SVILUPPO D IMPRESA S.P.A.,CENTRALE DI COMMITTENZA,33986B12-6680-4F38-AE62-C734375E3060,VIA CALABRIA 46,012058091,LAZIO,SEZIONE REGIONALE CENTRALE,2022-09-28,2022-09-29,942477525F,17,1,PROCEDURA APERTA,ORDINARIO,2022-11-03,0,38422987.73,11704650.63,,ACCORDO QUADRO,7,8740919,"PROCEDURA DI GARA APERTA AI SENSI DEGLI ARTT. 54 E 60 DEL D.LGS. N. 50/2016, DA REALIZZARSI MEDIANTE PIATTAFORMA TELEMATICA, PER LA CONCLUSIONE DI ACCORDI QUADRO CON PIU’ OPERATORI ECONOMICI PER L’AFFIDAMENTO DI LAVORI (OG1 – OG11) E SERVIZI DI INGEGNERIA E ARCHITETTURA (E.20 – E.13 – S.03 – IA.02 – IA.04) PER LA RISTRUTTURAZIONE, LA MANUTENZIONE E LA RIFUNZIONALIZZAZIONE ECOSOSTENIBILE DI STRUTTURE EDILIZIE PUBBLICHE ESISTENTI.  SUB-LOTTO PRESTAZIONALE 5 – SERVIZI DI COLLAUDO:  TECNICO-AMMINISTRATIVO, TECNICO-FUNZIONALE, STATICO  ",AQ1 (OG1 - OG11) - SUB-LOTTO 5 - COLLAUDO - LOTTO GEOGRAFICO 6 (MESSINA - CATANIA - PALERMO). ,SERVIZI,SETTORI ORDINARI,ATTIVO,ITG1,,,,,,,,,,,,,,,,
22,NOKSN,05678721001,ROMA,0000225258,AGENZIA NAZIONALE PER L ATTRAZIONE DEGLI INVESTIMENTI E LO SVILUPPO D IMPRESA S.P.A.,CENTRALE DI COMMITTENZA,33986B12-6680-4F38-AE62-C734375E3060,VIA CALABRIA 46,012058091,LAZIO,SEZIONE REGIONALE CENTRALE,2022-09-28,2022-09-29,9424809E6A,17,1,PROCEDURA APERTA,ORDINARIO,2022-11-03,0,42331499.98,11731707.47,,ACCORDO QUADRO,5,8740955,"PROCEDURA DI GARA APERTA AI SENSI DEGLI ARTICOLI 54 E 60 NONCHÉ, SE DEL CASO, DELL’ART. 145 DEL D.LGS N. 50/2016, DA REALIZZARSI MEDIANTE PIATTAFORMA TELEMATICA, PER LA CONCLUSIONE DI ACCORDI QUADRO CON PIU’ OPERATORI ECONOMICI PER L’AFFIDAMENTO DI LAVORI (OS24) E SERVIZI DI INGEGNERIA E ARCHITETTURA (E.19) PER LA RIFUNZIONALIZZAZIONE ECOSOSTENIBILE DI AREE E SPAZI PUBBLICI.  SUB - LOTTO PRESTAZIONALE 1 – SERVIZI TECNICI DI PROGETTAZIONE, DIREZIONE LAVORI (DL), COORDINAMENTO DELLA SICUREZZA IN FASE DI PROGETTAZIONE (CSP) – COORDINAMENTO DELLA SICUREZZA IN FASE DI ESECUZIONE (CSE). ",AQ2 (OS24) - SUB-LOTTO 1 - LOTTO GEOGRAFICO 6 (MESSINA - CATANIA - PALERMO).  ,SERVIZI,SETTORI ORDINARI,ATTIVO,ITG1,,,,,,,,,,,,,,,,
23,NOKSN,05678721001,ROMA,0000225258,AGENZIA NAZIONALE PER L ATTRAZIONE DEGLI INVESTIMENTI E LO SVILUPPO D IMPRESA S.P.A.,CENTRALE DI COMMITTENZA,33986B12-6680-4F38-AE62-C734375E3060,VIA CALABRIA 46,012058091,LAZIO,SEZIONE REGIONALE CENTRALE,2022-09-28,2022-09-29,9424827D45,17,1,PROCEDURA APERTA,ORDINARIO,2022-11-03,0,9344351.83,3128455.33,,ACCORDO QUADRO,6,8740967,"PROCEDURA DI GARA APERTA AI SENSI DEGLI ARTT. 54, 60 NONCHÉ, SE DEL CASO, DELL’ART. 145 DEL D.LGS N. 50/2016, DA REALIZZARSI MEDIANTE PIATTAFORMA TELEMATICA, PER LA CONCLUSIONE DI ACCORDI QUADRO CON PIU’ OPERATORI ECONOMICI PER L’AFFIDAMENTO DI LAVORI (OS24) E SERVIZI DI INGEGNERIA E ARCHITETTURA (E.19) PER LA RIFUNZIONALIZZAZIONE ECOSOSTENIBILE DI AREE E SPAZI PUBBLICI.  SUB-LOTTO PRESTAZIONALE 5 – SERVIZI DI COLLAUDO:  TECNICO-AMMINISTRATIVO, TECNICO-FUNZIONALE, STATICO  ",AQ2 (OS24) - SUB-LOTTO 5 - COLLAUDO - LOTTO GEOGRAFICO 6 (MESSINA - CATANIA-PALERMO). ,SERVIZI,SETTORI ORDINARI,ATTIVO,ITG1,,,,,,,,,,,,,,,,
24,NOKSN,05678721001,ROMA,0000225258,AGENZIA NAZIONALE PER L ATTRAZIONE DEGLI INVESTIMENTI E LO SVILUPPO D IMPRESA S.P.A.,CENTRALE DI COMMITTENZA,33986B12-6680-4F38-AE62-C734375E3060,VIA CALABRIA 46,012058091,LAZIO,SEZIONE REGIONALE CENTRALE,2022-09-28,2022-09-29,9424829EEB,17,1,PROCEDURA APERTA,ORDINARIO,2022-11-03,0,8093957.44,1893684.58,,ACCORDO QUADRO,6,8740974,"PROCEDURA DI GARA APERTA AI SENSI DEGLI ARTT. 54, 60 NONCHÉ, SE DEL CASO, DELL’ART. 145   DEL D.LGS. N. 50/2016, DA REALIZZARSI MEDIANTE PIATTAFORMA TELEMATICA, PER LA CONCLUSIONE DI ACCORDI QUADRO CON PIU’ OPERATORI ECONOMICI PER L’AFFIDAMENTO DI LAVORI (OS24) E SERVIZI DI INGEGNERIA E ARCHITETTURA (E.19) PER LA RIFUNZIONALIZZAZIONE ECOSOSTENIBILE DI AREE E SPAZI PUBBLICI.  SUB-DISCIPLINARE 2 SUB - LOTTO PRESTAZIONALE 2 – SERVIZI DI VERIFICA DELLA PROGETTAZIONE ",AQ2 (OS24) SUB-LOTTO 2 SERVIZI DI VERIFICA DELLA PROGETTAZIONE - LOTTO GEOGRAFICO 6 (MESSINA-CATANIA-PALERMO) ,SERVIZI,SETTORI ORDINARI,ATTIVO,ITG1,,,,,,,,,,,,,,,,
25,NOKSN,05678721001,ROMA,0000225258,AGENZIA NAZIONALE PER L ATTRAZIONE DEGLI INVESTIMENTI E LO SVILUPPO D IMPRESA S.P.A.,CENTRALE DI COMMITTENZA,33986B12-6680-4F38-AE62-C734375E3060,VIA CALABRIA 46,012058091,LAZIO,SEZIONE REGIONALE CENTRALE,2022-09-28,2022-09-29,94248418D4,17,1,PROCEDURA APERTA,ORDINARIO,2022-11-03,0,7196610.48,1254247.74,,ACCORDO QUADRO,6,8740980,"PROCEDURA DI GARA APERTA AI SENSI DEGLI ARTT. 54, 60 E 145 DEL D.LGS. N. 50/2016, DA REALIZZARSI MEDIANTE PIATTAFORMA TELEMATICA, PER LA CONCLUSIONE DI ACCORDI QUADRO CON PIU’ OPERATORI ECONOMICI PER L’AFFIDAMENTO DI LAVORI (OG2 – OG11) E SERVIZI DI INGEGNERIA E ARCHITETTURA (E.22 – S.03 – IA.02 – IA.04) PER IL RESTAURO, LA RISTRUTTURAZIONE, LA MANUTENZIONE E LA RIFUNZIONALIZZAZIONE ECOSOSTENIBILE DI STRUTTURE EDILIZIE PUBBLICHE ESISTENTI SOTTOPOSTE A TUTELA.  SUB-DISCIPLINARE 2 SUB - LOTTO PRESTAZIONALE 2 – SERVIZI DI VERIFICA DELLA PROGETTAZIONE ",AQ3 (OG2-OG11) SUB-LOTTO 2 SERVIZI DI VERIFICA DELLA PROGETTAZIONE - LOTTO GEOGRAFICO 6 (MESSINA-CATANIA-PALERMO) ,SERVIZI,SETTORI ORDINARI,ATTIVO,ITG1,,,,,,,,,,,,,,,,
26,NOKSN,05678721001,ROMA,0000225258,AGENZIA NAZIONALE PER L ATTRAZIONE DEGLI INVESTIMENTI E LO SVILUPPO D IMPRESA S.P.A.,CENTRALE DI COMMITTENZA,33986B12-6680-4F38-AE62-C734375E3060,VIA CALABRIA 46,012058091,LAZIO,SEZIONE REGIONALE CENTRALE,2022-09-28,2022-09-29,9424863AFB,17,1,PROCEDURA APERTA,ORDINARIO,2022-11-03,0,8928984.21,2223869.5,,ACCORDO QUADRO,5,8740981,"PROCEDURA DI GARA APERTA AI SENSI DEGLI ARTICOLI 54, 60 E 145 DEL D.LGS. N. 50/2016, DA REALIZZARSI MEDIANTE PIATTAFORMA TELEMATICA, PER LA CONCLUSIONE DI ACCORDI QUADRO CON PIU’ OPERATORI ECONOMICI PER L’AFFIDAMENTO DI LAVORI (OG2 – OG11) E SERVIZI DI INGEGNERIA E ARCHITETTURA (E.22 – S.03 – IA.02 – IA.04) PER IL RESTAURO, LA RISTRUTTURAZIONE, LA MANUTENZIONE E LA RIFUNZIONALIZZAZIONE ECOSOSTENIBILE DI STRUTTURE EDILIZIE PUBBLICHE ESISTENTI SOTTOPOSTE A TUTELA.   SUB-LOTTO PRESTAZIONALE 5 – SERVIZI DI COLLAUDO:  TECNICO-AMMINISTRATIVO, TECNICO-FUNZIONALE, STATICO  ",AQ3 (OG2-OG11) - SUB-LOTTO 5 - COLLAUDO - LOTTO GEOGRAFICO 6 (MESSINA-CATANIA-PALERMO). ,SERVIZI,SETTORI ORDINARI,ATTIVO,ITF65,,,,,,,,,,,,,,,,
27,NOKSN,05678721001,ROMA,0000225258,AGENZIA NAZIONALE PER L ATTRAZIONE DEGLI INVESTIMENTI E LO SVILUPPO D IMPRESA S.P.A.,CENTRALE DI COMMITTENZA,33986B12-6680-4F38-AE62-C734375E3060,VIA CALABRIA 46,012058091,LAZIO,SEZIONE REGIONALE CENTRALE,2022-09-28,2022-09-29,9424874411,17,1,PROCEDURA APERTA,ORDINARIO,2022-11-03,0,93743672.3,37526393.52,,ACCORDO QUADRO,5,8740987,"PROCEDURA DI GARA APERTA AI SENSI DEGLI ARTT. 54 E 60 NONCHÉ, SE DEL CASO, DELL’ART. 145 DEL D.LGS. N. 50/2016, DA REALIZZARSI MEDIANTE PIATTAFORMA TELEMATICA, PER LA CONCLUSIONE DI ACCORDI QUADRO CON PIU’ OPERATORI ECONOMICI PER L’AFFIDAMENTO DI LAVORI (OS24) E SERVIZI DI INGEGNERIA E ARCHITETTURA (E.19) PER LA RIFUNZIONALIZZAZIONE ECOSOSTENIBILE DI AREE E SPAZI PUBBLICI.  SUB - LOTTO PRESTAZIONALE 4 – APPALTO INTEGRATO ",AQ2 (OS24) SUB-LOTTO 4 - LOTTO GEOGRAFICO 6 (MESSINA - CATANIA - PALERMO) ,LAVORI,SETTORI ORDINARI,ATTIVO,ITG1,,,,,,,,,,,,,,,,
28,NOKSN,05678721001,ROMA,0000225258,AGENZIA NAZIONALE PER L ATTRAZIONE DEGLI INVESTIMENTI E LO SVILUPPO D IMPRESA S.P.A.,CENTRALE DI COMMITTENZA,33986B12-6680-4F38-AE62-C734375E3060,VIA CALABRIA 46,012058091,LAZIO,SEZIONE REGIONALE CENTRALE,2022-09-28,2022-09-29,9424886DF5,17,1,PROCEDURA APERTA,ORDINARIO,2022-11-03,0,41897873.65,10315863.14,,ACCORDO QUADRO,6,8740992,"PROCEDURA DI GARA APERTA AI SENSI DEGLI ARTT. 54, 60 E 145 DEL D.LGS. N. 50/2016, DA REALIZZARSI MEDIANTE PIATTAFORMA TELEMATICA, PER LA CONCLUSIONE DI ACCORDI QUADRO CON PIU’ OPERATORI ECONOMICI PER L’AFFIDAMENTO DI LAVORI (OG2 – OG11) E SERVIZI DI INGEGNERIA E ARCHITETTURA (E.22 – S.03 – IA.02 – IA.04) PER IL RESTAURO, LA RISTRUTTURAZIONE, LA MANUTENZIONE E LA RIFUNZIONALIZZAZIONE ECOSOSTENIBILE DI STRUTTURE EDILIZIE PUBBLICHE ESISTENTI SOTTOPOSTE A TUTELA.  SUB - LOTTO PRESTAZIONALE 1 – SERVIZI TECNICI DI PROGETTAZIONE, DIREZIONE LAVORI (DL), COORDINAMENTO DELLA SICUREZZA IN FASE DI PROGETTAZIONE (CSP) – COORDINAMENTO DELLA SICUREZZA IN FASE DI ESECUZIONE (CSE). ",AQ3 (OG2 - OG11) - SUB-LOTTO 1 - LOTTO GEOGRAFICO 6 (MESSINA-CATANIA-PALERMO).  ,SERVIZI,SETTORI ORDINARI,ATTIVO,ITG1,,,,,,,,,,,,,,,,
29,NOKSN,05678721001,ROMA,0000225258,AGENZIA NAZIONALE PER L ATTRAZIONE DEGLI INVESTIMENTI E LO SVILUPPO D IMPRESA S.P.A.,CENTRALE DI COMMITTENZA,33986B12-6680-4F38-AE62-C734375E3060,VIA CALABRIA 46,012058091,LAZIO,SEZIONE REGIONALE CENTRALE,2022-09-28,2022-09-29,9424901A57,17,1,PROCEDURA APERTA,ORDINARIO,2022-11-03,0,110156731.37,29610405.03,,ACCORDO QUADRO,5,8740997,"PROCEDURA DI GARA APERTA AI SENSI DEGLI ARTT. 54, 60 E 145 DEL D.LGS. N. 50/2016, DA REALIZZARSI MEDIANTE PIATTAFORMA TELEMATICA, PER LA CONCLUSIONE DI ACCORDI QUADRO CON PIU’ OPERATORI ECONOMICI PER L’AFFIDAMENTO DI LAVORI (OG2 – OG11) E SERVIZI DI INGEGNERIA E ARCHITETTURA (E.22 – S.03 – IA.02 – IA.04) PER IL RESTAURO, LA RISTRUTTURAZIONE, LA MANUTENZIONE E LA RIFUNZIONALIZZAZIONE ECOSOSTENIBILE DI STRUTTURE EDILIZIE PUBBLICHE ESISTENTI SOTTOPOSTE A TUTELA.  SUB - LOTTO PRESTAZIONALE 4 – APPALTO INTEGRATO ",AQ3 (OG2-OG11) SUB-LOTTO 4 - LOTTO GEOGRAFICO 6 (MESSINA-CATANIA-PALERMO) ,LAVORI,SETTORI ORDINARI,ATTIVO,ITG1,,,,,,,,,,,,,,,,
30,NOKSN,80004070837,MESSINA,0000238626,UNIVERSITA  DEGLI STUDI DI MESSINA,RIPARTIZIONE SERVIZI TECNICI,C2B2A0C1-E7D9-4F75-8ECD-A480C753E1F8,VIA  CONSOLATO DEL MARE,019083048,SICILIA,SEZIONE REGIONALE CENTRALE,2022-09-30,2022-09-30,942812815B,1,24,AFFIDAMENTO DIRETTO,ORDINARIO,2022-09-30,0,78543.5,78543.5,083048,CONTRATTO D'APPALTO,1,8743886,"REALIZZAZIONE DEL CENTRO PER LA DISSEZIONE DELLE SALME AI FINI DELLA FORMAZIONE, DELLA DIDATTICA E DELLA RICERCA ALL'INTERNO DELLA TORRE BIOLOGICA DEL POLICLINICO UNIVERSITARIO  OPERE COMPLEMENTARI ","REALIZZAZIONE DEL CENTRO PER LA DISSEZIONE DELLE SALME AI FINI DELLA FORMAZIONE, DELLA DIDATTICA E DELLA RICERCA ALL'INTERNO DELLA TORRE BIOLOGICA DEL POLICLINICO UNIVERSITARIO  OPERE COMPLEMENTARI AI SENSI DELL'ART.106 COMMA 1 LETTERA B) DEL",LAVORI,SETTORI ORDINARI,ATTIVO,ITG13,MESSINA,,,,,,,,,,,,,,,
31,NOKSN,03051890832,MESSINA,0000211972,AZIENDA OSPEDALIERA UNIVERSITARIA G. MARTINO DI MESSINA,SETTORE GESTIONE ATTIVITA' TECNICHE,091F84E6-0B6A-44A5-B917-D5794F66BB38,VIA CONSOLARE VALERIA,019083048,SICILIA,SEZIONE REGIONALE SICILIA,2022-10-07,2022-10-10,9437916EA7,1,24,AFFIDAMENTO DIRETTO,ORDINARIO,2022-11-02,0,137000,137000,,CONTRATTO D'APPALTO,1,8751858,REDAZIONE DEL PROGETTO DI FATTIBILITÀ TECNICO-ECONOMICA PER L'INTERVENTO DI ADEGUAMENTO SISMICO DI CORPI DI FABBRICA DELL'EDIFICIO C DELL'A.O.U. G. MARTINO DI MESSINA. ,REDAZIONE DEL PROGETTO DI FATTIBILITÀ TECNICO-ECONOMICA PER L'INTERVENTO DI ADEGUAMENTO SISMICO DI CORPI DI FABBRICA DELL'EDIFICIO C DELL'A.O.U. 'G. MARTINO' DI MESSINA. ,SERVIZI,SETTORI ORDINARI,ATTIVO,ITG13,,,,,,,,,,,,,,,,
32,NOKSN,80002760835,MESSINA,0000235262,CITTA  METROPOLITANA DI MESSINA,IV DIREZIONE SERVIZI TECNICI GENERALI,A444C9DA-EDFD-4FBA-AD33-A224362E9A32,CORSO CAVOUR,019083048,SICILIA,SEZIONE REGIONALE SICILIA,2022-10-11,2022-10-20,9443661397,1,24,AFFIDAMENTO DIRETTO,ORDINARIO,2022-10-24,0,80654.34,80654.34,083048,CONTRATTO D'APPALTO,1,8756144,L.S.G. SEGUENZAA - INTERVENTI DI MESSA IN SICUREZZA DELL'EDIFICIO SCOLASTICO - AFFIDAMENTO DEI SERVIZI DI VERIFICA PREVENTIVA ALLA PROGETTAZIONE EX ART. 26 D.LGS.50/2016,L.S.G. 'SEGUENZAA' - INTERVENTI DI MESSA IN SICUREZZA DELL'EDIFICIO SCOLASTICO - AFFIDAMENTO DEI SERVIZI DI VERIFICA PREVENTIVA ALLA PROGETTAZIONE EX ART. 26 D.LGS.50/2016,SERVIZI,SETTORI ORDINARI,ATTIVO,ITG13,MESSINA,,,,,,,,,,,,,,,
33,NOKSN,80009620834,MESSINA,0000321271,I.P.S.S.C.T.A.R. ANTONELLO,IIS ANTONELLO,893F1218-E446-45F3-A126-D440CE6B4D93,VLE GIOSTRA,019083048,SICILIA,SEZIONE REGIONALE CENTRALE,2022-10-12,2022-10-12,9444917014,4,24,AFFIDAMENTO DIRETTO,ORDINARIO,2022-10-21,0,104000,104000,083048,CONTRATTO DI CONCESSIONE DI SERVIZI E/O FORNITURE,1,8757193,FORNITURA ATTREZZATURE PER AMBIENTI E LABORATORI GREEN,FORNITURA ATTREZZATURE PER AMBIENTI E LABORATORI GREEN,FORNITURE,SETTORI ORDINARI,ATTIVO,ITG13,MESSINA,,,,,,,,,,,,,,,
34,NOKSN,03051870834,MESSINA,0000211971,AZIENDA SANITARIA PROVINCIALE DI MESSINA,U.O.C. GESTIONE LAVORI PUBBLICI - MANUTENZIONI EDILI E IMPIANTISTICHE,632C0164-29BA-4FCA-A808-FF86A9B5899D,VIA LA FARINA,019083048,SICILIA,SEZIONE REGIONALE SICILIA,2022-10-17,2022-10-17,945091234E,4,24,AFFIDAMENTO DIRETTO,ORDINARIO,2022-10-20,0,78506.96,78506.96,083048,CONTRATTO DI CONCESSIONE DI SERVIZI E/O FORNITURE,1,8762113,"INCARICO PROFESSIONALE REDAZIONE PROGETTO FTE, DIREZIONE LAVORI, CSE PER CASA DI COMUNITA' EX MANDALARI MESSINA","INCARICO PROFESSIONALE REDAZIONE PROGETTO FTE, DIREZIONE LAVORI, CSE PER CASA DI COMUNITA' EX MANDALARI MESSINA",SERVIZI,SETTORI ORDINARI,ATTIVO,ITG13,MESSINA,,,,,,,,,,,,,,,
35,NOKSN,03051870834,MESSINA,0000211971,AZIENDA SANITARIA PROVINCIALE DI MESSINA,U.O.C. GESTIONE LAVORI PUBBLICI - MANUTENZIONI EDILI E IMPIANTISTICHE,632C0164-29BA-4FCA-A808-FF86A9B5899D,VIA LA FARINA,019083048,SICILIA,SEZIONE REGIONALE SICILIA,2022-10-17,2022-10-17,94509903AC,4,24,AFFIDAMENTO DIRETTO,ORDINARIO,2022-10-20,0,78506.95,78506.95,083048,CONTRATTO DI CONCESSIONE DI SERVIZI E/O FORNITURE,1,8762187,"INCARICO PROFESSIONALE REDAZIONE PROGETTO FTE, DIREZIONE LAVORI, CSE PER CASA DI COMUNITA' EX INAM MESSINA","INCARICO PROFESSIONALE REDAZIONE PROGETTO FTE, DIREZIONE LAVORI, CSE PER CASA DI COMUNITA' EX INAM MESSINA",SERVIZI,SETTORI ORDINARI,ATTIVO,ITG13,MESSINA,,,,,,,,,,,,,,,
36,NOKSN,03051870834,MESSINA,0000211971,AZIENDA SANITARIA PROVINCIALE DI MESSINA,U.O.C. GESTIONE LAVORI PUBBLICI - MANUTENZIONI EDILI E IMPIANTISTICHE,632C0164-29BA-4FCA-A808-FF86A9B5899D,VIA LA FARINA,019083048,SICILIA,SEZIONE REGIONALE SICILIA,2022-10-17,2022-10-17,9451137CF8,4,24,AFFIDAMENTO DIRETTO,ORDINARIO,2022-10-20,0,86909.25,86909.25,083048,CONTRATTO DI CONCESSIONE DI SERVIZI E/O FORNITURE,1,8762331,"INCARICO PROFESSIONALE REDAZIONE PROGETTO FTE, DIREZIONE LAVORI, CSE PER OSPEDALE DI COMUNITA' MANDALARI V UOMINI","INCARICO PROFESSIONALE REDAZIONE PROGETTO FTE, DIREZIONE LAVORI, CSE PER OSPEDALE DI COMUNITA' MANDALARI V UOMINI",SERVIZI,SETTORI ORDINARI,ATTIVO,ITG13,MESSINA,,,,,,,,,,,,,,,
37,NOKSN,80002760835,MESSINA,0000235262,CITTA  METROPOLITANA DI MESSINA,IV DIREZIONE SERVIZI TECNICI GENERALI,A444C9DA-EDFD-4FBA-AD33-A224362E9A32,CORSO CAVOUR,019083048,SICILIA,SEZIONE REGIONALE SICILIA,2022-11-02,2022-11-08,9472763352,1,24,AFFIDAMENTO DIRETTO,ORDINARIO,2022-11-14,0,132319.5,132319.5,083048,CONTRATTO D'APPALTO,1,8781712,L.S. ARCHIMEDE - INTERVENTI DI MESSA IN SICUREZZA DELL'EDIFICIO SCOLASTICO - ,L.S. 'ARCHIMEDE' - INTERVENTI DI MESSA IN SICUREZZA DELL'EDIFICIO SCOLASTICO -,SERVIZI,SETTORI ORDINARI,ATTIVO,ITG13,MESSINA,,,,,,,,,,,,,,,
38,NOKSN,02733700831,MESSINA,0000204923,I.R.C.C.S. CENTRO NEUROLESI BONINO PULEJO,AMMINISTRAZIONE IRCCS CENTRO NEUROLESI BONINO-PULEJO,889734EF-8466-4278-AD41-410C9832259E,STS 113 C.DA. CASAZZA,019083048,SICILIA,SEZIONE REGIONALE CENTRALE,2022-11-03,2022-11-06,9473630EC7,11,27,AFFIDAMENTO DIRETTO IN ADESIONE AD ACCORDO QUADRO/CONVENZIONE,ORDINARIO,2022-11-06,0,226659.24,226659.24,083048,CONTRATTO D'APPALTO DISCENDENTE DA ACCORDO QUADRO/CONVENZIONE SENZA SUCCESSIVO CONFRONTO COMPETITIVO,1,8782499,CONVENZIONE MICROSOFT ENTERPRISE AGREEMENT 7,CONVENZIONE MICROSOFT ENTERPRISE AGREEMENT 7,FORNITURE,SETTORI ORDINARI,ATTIVO,ITG13,MESSINA,,,,,,,,,,,,,,,9013132FCE
39,NOKSN,03051870834,MESSINA,0000211971,AZIENDA SANITARIA PROVINCIALE DI MESSINA,U.O.C. GESTIONE LAVORI PUBBLICI - MANUTENZIONI EDILI E IMPIANTISTICHE,632C0164-29BA-4FCA-A808-FF86A9B5899D,VIA LA FARINA,019083048,SICILIA,SEZIONE REGIONALE SICILIA,2022-11-09,2022-11-08,948267354F,1,24,AFFIDAMENTO DIRETTO,ORDINARIO,2022-11-09,0,117864.48,117864.48,,CONTRATTO D'APPALTO,1,8790987,CONFERIMENTO INCARICO PROFESSIONALE REDAZIONE PROGETTO DI FATTIBILITÀ TECNICA ECONOMICA RAFFORZATO E COORDINAMENTO DELLA SICUREZZA IN FASE DI ESECUZIONE DEI LAVORI DI UN II OSPEDALEE DI COMUNITÀ SITO A MESSINA - MANDALARI,CONFERIMENTO INCARICO PROFESSIONALE REDAZIONE PROGETTO DI FATTIBILITÀ TECNICA ECONOMICA RAFFORZATO E COORDINAMENTO DELLA SICUREZZA IN FASE DI ESECUZIONE DEI LAVORI DI UN II OSPEDALEE DI COMUNITÀ SITO A MESSINA - MANDALARI,SERVIZI,SETTORI ORDINARI,ATTIVO,ITG13,,,,,,,,,,,,,,,,
40,NOKSN,80008020838,MESSINA,0000320981,ISTITUTO COMPRENSIVO I.C. MAZZINI MESSINA,UFFICIO SEGRETERIA,F55B7A26-3D7B-4DE4-90AC-AD1F9E687185,VIA ORATORIO S.FRANCESCO,019083048,SICILIA,SEZIONE REGIONALE CENTRALE,2022-11-17,2022-11-18,949692566E,1,24,AFFIDAMENTO DIRETTO,ORDINARIO,2022-11-25,0,7301,7301,083048,CONTRATTO D'APPALTO,1,8803124,SITO INTERNET PACCHETTO SCUOLA ON LINE,SITO INTERNET PACCHETTO SCUOLA ON LINE,SERVIZI,SETTORI ORDINARI,ATTIVO,ITG13,MESSINA,,,,,,,,,,,,,,,
41,NOKSN,03051890832,MESSINA,0000211972,AZIENDA OSPEDALIERA UNIVERSITARIA G. MARTINO DI MESSINA,SETTORE PROVVEDITORATO,3AADA32C-0023-4C98-8254-5C9CA5D13401,VIA CONSOLARE VALERIA,019083048,SICILIA,SEZIONE REGIONALE SICILIA,2022-11-21,2022-11-21,95018327D0,11,27,AFFIDAMENTO DIRETTO IN ADESIONE AD ACCORDO QUADRO/CONVENZIONE,ORDINARIO,2022-11-21,0,317400,317400,,CONTRATTO D'APPALTO DISCENDENTE DA ACCORDO QUADRO/CONVENZIONE SENZA SUCCESSIVO CONFRONTO COMPETITIVO,1,8808203,FORNITURA DI UNA GAMMA CAMERA,FORNITURA DI UNA GAMMA CAMERA,FORNITURE,SETTORI ORDINARI,ATTIVO,ITG13,,,,,,,,,,,,,,,,9245030819
42,NOKSN,00080270838,MESSINA,0000158996,COMUNE DI MESSINA,DIPARTIMENTO SERVIZI TECNICI,D2547F31-4576-4078-942E-8F1AB5C42E23,PIAZZA UNIONE EUROPEA SN,019083048,SICILIA,SEZIONE REGIONALE SICILIA,2022-11-24,2022-11-29,9509348238,1,24,AFFIDAMENTO DIRETTO,ORDINARIO,2022-12-02,0,44751.79,44751.79,083048,CONTRATTO D'APPALTO,1,8815176,"AFFIDAMENTO DIRETTO INCARICO DI SUPPORTO TECNICO AL RUP PER IL PROGETTO RELATIVO ALLA 'REALIZZAZIONE DEL NUOVO PATTINODROMO PALAMERLINO' - RIENTRANTE NELLA MISSIONE 5 - COMPONENTE 2 - INFRASTRUTTURE SOCIALI, FAMIGLIE, COMUNITA' E TERZO SETTORE - MISURA 3 - 3.1. SPORT E INCLUSIONE SOCIALE - CLUSTER 1  CUP: F45B22000030006","AFFIDAMENTO DIRETTO INCARICO DI SUPPORTO TECNICO AL RUP PER IL PROGETTO RELATIVO ALLA 'REALIZZAZIONE DEL NUOVO PATTINODROMO PALAMERLINO' - RIENTRANTE NELLA MISSIONE 5 - COMPONENTE 2 - INFRASTRUTTURE SOCIALI, FAMIGLIE, COMUNITA' E TERZO SETTORE - MISURA 3 - 3.1. SPORT E INCLUSIONE SOCIALE - CLUSTER 1  CUP: F45B22000030006",SERVIZI,SETTORI ORDINARI,ATTIVO,ITG13,MESSINA,,,,,,,,,,,,,,,
43,NOKSN,00080270838,MESSINA,0000158996,COMUNE DI MESSINA,DIPARTIMENTO SERVIZI TECNICI,D2547F31-4576-4078-942E-8F1AB5C42E23,PIAZZA UNIONE EUROPEA SN,019083048,SICILIA,SEZIONE REGIONALE SICILIA,2022-11-24,2022-11-29,95098543C8,1,24,AFFIDAMENTO DIRETTO,ORDINARIO,2022-12-02,0,33748.38,33748.38,083048,CONTRATTO D'APPALTO,1,8815975,"AFFIDAMENTO  DIRETTO INCARICO DI SUPPORTO TECNICO AL RUP PER IL PROGETTO RELATIVO ALLA 'RIGENERAZIONE DELL'IMPIANTO POLIVALENTE GIOVANNI CELESTE' RIENTRANTE NELLA MISSIONE 5 - COMPONENTE 2 - INFRASTRUTTURE SOCIALI, FAMIGLIE, COMUNITA' E TERZO SETTORE - MISURA 3 - 3.1. SPORT E INCLUSIONE SOCIALE- CLUSTER 2  CUP: F47D22000050006","AFFIDAMENTO  DIRETTO INCARICO DI SUPPORTO TECNICO AL RUP PER IL PROGETTO RELATIVO ALLA 'RIGENERAZIONE DELL'IMPIANTO POLIVALENTE GIOVANNI CELESTE' RIENTRANTE NELLA MISSIONE 5 - COMPONENTE 2 - INFRASTRUTTURE SOCIALI, FAMIGLIE, COMUNITA' E TERZO SETTORE - MISURA 3 - 3.1. SPORT E INCLUSIONE SOCIALE- CLUSTER 2  CUP: F47D22000050006",SERVIZI,SETTORI ORDINARI,ATTIVO,ITG13,MESSINA,,,,,,,,,,,,,,,
44,NOKSN,00080270838,MESSINA,0000158996,COMUNE DI MESSINA,DIPARTIMENTO SERVIZI AMBIENTALI,59793CEF-C35C-4F65-940A-AFC580C9D3EA,VIA ARGENTIERI N. 18 PALAZZO WEIGERT,019083048,SICILIA,SEZIONE REGIONALE SICILIA,2022-11-29,2022-11-29,95165086D5,1,24,AFFIDAMENTO DIRETTO,ORDINARIO,2022-12-02,0,123720,123720,083048,CONTRATTO D'APPALTO,1,8820558,"FORNITURA PIANTINE FORESTALI, MISURA 2 - COMPONENTE 4 - INVESTIMENTO 3.1 DEL P.N.R.R. 'TUTELA E VALORIZZAZIONE DEL VERDE URBANO ED EXTRAURBANO' COMUNE DI MESSINA, PROGETTO/LAVORI 'FORESTAZIONE URBANA NEL COMUNE DI MESSINA',  CUP: F42F22000520006","FORNITURA PIANTINE FORESTALI, MISURA 2 - COMPONENTE 4 - INVESTIMENTO 3.1 DEL P.N.R.R. 'TUTELA E VALORIZZAZIONE DEL VERDE URBANO ED EXTRAURBANO' COMUNE DI MESSINA, PROGETTO/LAVORI 'FORESTAZIONE URBANA NEL COMUNE DI MESSINA',  CUP: F42F22000520006",FORNITURE,SETTORI ORDINARI,ATTIVO,ITG13,MESSINA,,,,,,,,,,,,,,,
45,NOKSN,00080270838,MESSINA,0000158996,COMUNE DI MESSINA,DIPARTIMENTO SERVIZI TECNICI,D2547F31-4576-4078-942E-8F1AB5C42E23,PIAZZA UNIONE EUROPEA SN,019083048,SICILIA,SEZIONE REGIONALE SICILIA,2022-11-29,2022-11-29,9517598A53,1,24,AFFIDAMENTO DIRETTO,ORDINARIO,2022-12-05,0,17539.72,17539.72,083048,CONTRATTO D'APPALTO,1,8823185,AFFIDAMENTO INCARICO DI SUPPORTO TECNICO AL RUP NELL'AMBITO DEL PROGETTO 'REALIZZAZIONE DI UN ASILO NIDO IN RIONE TAORMINA - AMBITO DI RISANAMENTO E' RIENTRANTE NELL'AMBITO DEL PNRR  - MISSIONE 4: ISTRUZIONE E RICERCA - COMPONENTE 1 - POTENZIAMENTO DELL'OFFERTA DEI SERVIZI DI ISTRUZIONE:DAGLI ASILI NIDO ALLE UNIVERSITA' - INVESTIMENTO 1.1.:PIANO PER ASILI NIDO E SCUOLE DELL'INFANZIA E SERVIZI DI EDUCAZIONE E CURA  PER LA PRIMA INFANZIA  - ,AFFIDAMENTO INCARICO DI SUPPORTO TECNICO AL RUP NELL'AMBITO DEL PROGETTO 'REALIZZAZIONE DI UN ASILO NIDO IN RIONE TAORMINA - AMBITO DI RISANAMENTO E' RIENTRANTE NELL'AMBITO DEL PNRR  - MISSIONE 4: ISTRUZIONE E RICERCA - COMPONENTE 1 - POTENZIAMENTO DELL'OFFERTA DEI SERVIZI DI ISTRUZIONE:DAGLI ASILI NIDO ALLE UNIVERSITA' - INVESTIMENTO 1.1.:PIANO PER ASILI NIDO E SCUOLE DELL'INFANZIA E SERVIZI DI EDUCAZIONE E CURA  PER LA PRIMA INFANZIA  - ,SERVIZI,SETTORI ORDINARI,ATTIVO,ITG13,MESSINA,,,,,,,,,,,,,,,
46,NOKSN,00080270838,MESSINA,0000158996,COMUNE DI MESSINA,DIPARTIMENTO SERVIZI AMBIENTALI,59793CEF-C35C-4F65-940A-AFC580C9D3EA,VIA ARGENTIERI N. 18 PALAZZO WEIGERT,019083048,SICILIA,SEZIONE REGIONALE SICILIA,2022-11-30,2022-11-30,9519891E90,18,24,AFFIDAMENTO DIRETTO,ORDINARIO,2022-11-30,0,110655.74,110655.74,083048,CONVENZIONE,1,8825127,"AFFIDAMENTO DI SERVIZI DI INGEGNERIA RIGUARDANTE INTERVENTI AI SENSI DELLA MISURA 2 - COMPONENTE 4 - INVESTIMENTO 3.1 DEL P.N. R.R. 'TUTELA E VALORIZZAZIONE DEL VERDE URBANO ED EXTRAURBANO', INCARICO DI PROGETTAZIONE ESECUTIVA, DIREZIONE LAVORI E VERIFICHE PERIODICHE, 'FORESTAZIONE URBANA NEL COMUNE DI MESSINA' -  CUP: F42F22000520006","AFFIDAMENTO DI SERVIZI DI INGEGNERIA RIGUARDANTE INTERVENTI AI SENSI DELLA MISURA 2 - COMPONENTE 4 - INVESTIMENTO 3.1 DEL P.N. R.R. 'TUTELA E VALORIZZAZIONE DEL VERDE URBANO ED EXTRAURBANO', INCARICO DI PROGETTAZIONE ESECUTIVA, DIREZIONE LAVORI E VERIFICHE PERIODICHE, 'FORESTAZIONE URBANA NEL COMUNE DI MESSINA' -  CUP: F42F22000520006",SERVIZI,SETTORI ORDINARI,ATTIVO,ITG13,MESSINA,,,,,,,,,,,,,,,
47,NOKSN,05678721001,ROMA,0000225258,AGENZIA NAZIONALE PER L ATTRAZIONE DEGLI INVESTIMENTI E LO SVILUPPO D IMPRESA S.P.A.,CENTRALE DI COMMITTENZA,33986B12-6680-4F38-AE62-C734375E3060,VIA CALABRIA 46,012058091,LAZIO,SEZIONE REGIONALE CENTRALE,2022-12-07,2022-12-07,95335072DB,17,1,PROCEDURA APERTA,ORDINARIO,2023-01-20,0,33684937,4606207.89,,ACCORDO QUADRO,9,8838181,"PROCEDURA DI GARA APERTA AI SENSI DEGLI ARTICOLI 54, 60 E 145 DEL D.LGS N. 50/2016, DA REALIZZARSI MEDIANTE PIATTAFORMA TELEMATICA, PER LA CONCLUSIONE DI ACCORDI QUADRO CON PIU’ OPERATORI ECONOMICI PER L’AFFIDAMENTO DI LAVORI (OG2) E SERVIZI DI INGEGNERIA E ARCHITETTURA (E.22 – S.04 – IA.04) – RELATIVI ALLA SICUREZZA SISMICA ED AL RESTAURO DEL PATRIMONIO DEL FONDO EDIFICI DI CULTO (FEC). SUB - LOTTO PRESTAZIONALE 1 – SERVIZI TECNICI DI PROGETTAZIONE, DIREZIONE LAVORI (DL), COORDINAMENTO DELLA SICUREZZA IN FASE DI PROGETTAZIONE (CSP) – COORDINAMENTO DELLA SICUREZZA IN FASE DI ESECUZIONE (CSE)",AFFIDAMENTO DI LAVORI (OG2) E SERVIZI DI INGEGNERIA E ARCHITETTURA (E.22 – S.04 – IA.04) – RELATIVI ALLA SICUREZZA SISMICA ED AL RESTAURO DEL PATRIMONIO DEL FONDO EDIFICI DI CULTO (FEC). LOTTO GEOGRAFICO 8 SICILIA ORIENTALE,SERVIZI,SETTORI ORDINARI,ATTIVO,ITG1,,,,,,,,,,,,,,,,
48,NOKSN,05678721001,ROMA,0000225258,AGENZIA NAZIONALE PER L ATTRAZIONE DEGLI INVESTIMENTI E LO SVILUPPO D IMPRESA S.P.A.,CENTRALE DI COMMITTENZA,33986B12-6680-4F38-AE62-C734375E3060,VIA CALABRIA 46,012058091,LAZIO,SEZIONE REGIONALE CENTRALE,2022-12-07,2022-12-07,95338806A9,17,1,PROCEDURA APERTA,ORDINARIO,2023-01-20,0,112283123.34,15354026.31,,ACCORDO QUADRO,9,8838610,"PROCEDURA DI GARA APERTA AI SENSI DEGLI ARTICOLI 54, 60 E 145 DEL D.LGS N. 50/2016, DA REALIZZARSI MEDIANTE PIATTAFORMA TELEMATICA, PER LA CONCLUSIONE DI ACCORDI QUADRO CON PIU’ OPERATORI ECONOMICI PER L’AFFIDAMENTO DI LAVORI (OG2) E SERVIZI DI INGEGNERIA E ARCHITETTURA (E.22 – S.04 – IA.04) – RELATIVI ALLA SICUREZZA SISMICA ED AL RESTAURO DEL PATRIMONIO DEL FONDO EDIFICI DI CULTO (FEC). SUB - LOTTO PRESTAZIONALE 3 – LAVORI",AFFIDAMENTO DI LAVORI (OG2) E SERVIZI DI INGEGNERIA E ARCHITETTURA (E.22 – S.04 – IA.04) – RELATIVI ALLA SICUREZZA SISMICA ED AL RESTAURO DEL PATRIMONIO DEL FONDO EDIFICI DI CULTO (FEC). LOTTO GEOGRAFICO 8 SICILIA ORIENTALE,LAVORI,SETTORI ORDINARI,ATTIVO,ITG1,,,,,,,,,,,,,,,,
49,NOKSN,03051870834,MESSINA,0000211971,AZIENDA SANITARIA PROVINCIALE DI MESSINA,U.O.C. GESTIONE LAVORI PUBBLICI - MANUTENZIONI EDILI E IMPIANTISTICHE,632C0164-29BA-4FCA-A808-FF86A9B5899D,VIA LA FARINA,019083048,SICILIA,SEZIONE REGIONALE SICILIA,2022-12-12,2022-12-13,9539358F3D,1,24,AFFIDAMENTO DIRETTO,ORDINARIO,2022-12-15,0,100752.28,100752.28,,CONTRATTO D'APPALTO,1,8843977,LAVORI DI REALIZZAZIONE DELLA C.O.T. SITA NEL COMUNE DI MESSINA V.LE GIOSTRA MANDALARI,LAVORI DI REALIZZAZIONE DELLA C.O.T. SITA NEL COMUNE DI MESSINA V.LE GIOSTRA MANDALARI,LAVORI,SETTORI ORDINARI,ATTIVO,ITG13,,,,,,,,,,,,,,,,
50,OK,80002760835,MESSINA,0000235262,CITTA  METROPOLITANA DI MESSINA,IV DIREZIONE SERVIZI TECNICI GENERALI,A444C9DA-EDFD-4FBA-AD33-A224362E9A32,CORSO CAVOUR,019083048,SICILIA,SEZIONE REGIONALE SICILIA,2022-12-12,2022-12-12,Z1339083C3,,24,AFFIDAMENTO DIRETTO,SMARTCIG,,0,20496.4,20496.4,,,1,Z1339083C3,SERVIZI DI ARCHITETTURA E INGEGNERIA - PRESTAZIONE SPECIALISTICHE  IMPIANTISTICHE  ED EFFICIENTAMENTO  ENERGETICO DEI LOCALI CUCINA E MENSA DEL CONVITTO CUPPARI NEL COMUNE DI MESSINA,SERVIZI DI ARCHITETTURA E INGEGNERIA - PRESTAZIONE SPECIALISTICHE  IMPIANTISTICHE  ED EFFICIENTAMENTO  ENERGETICO DEI LOCALI CUCINA E MENSA DEL CONVITTO CUPPARI NEL COMUNE DI MESSINA,SERVIZI,,CANCELLATO,,,,,,,,,,,,,,,,,
51,OK,80007300835,MESSINA,0000242203,ISTITUTO D'ISTRUZIONE SUPERIORE  MAUROLICO  MESSINA,I.I.S. MAUROLICO -UFFICI,352E6E9D-A0AB-443D-B8D8-90C973C41B88,"CORSO CAVOUR, 63",019083048,SICILIA,SEZIONE REGIONALE SICILIA,2021-12-30,2021-12-30,Z1A34A9C2C,,24,AFFIDAMENTO DIRETTO,SMARTCIG,,0,15300,15300,,,1,Z1A34A9C2C,ACQUISTO N. 02 ROBOT COMPLETI DI VALIGIA CARICA BATTERIE E BATTERIE PIÙ CORSO  DITTA DELTACON SRL - CASTELLO DI CISTERNA (NA) P.I.02943630646,ACQUISTO N. 02 ROBOT COMPLETI DI VALIGIA CARICA BATTERIE E BATTERIE PIÙ CORSO  DITTA DELTACON SRL - CASTELLO DI CISTERNA (NA) P.I.02943630646,FORNITURE,,ATTIVO,,,,,,,,,,,,,,,,,
52,OK,97062190836,MESSINA,0000333358,19? IST. COMPRENSIVO EVEMERO DA MESSINA TORRE FARO,19° ISTITUTO COMPRENSIVO EVEMERO DA MESSINA,744E602D-8917-47BE-8F2F-A5E44C619542,C.DA SALINA VIA CARATOZZOLO TORRE FARO,019083048,SICILIA,SEZIONE REGIONALE SICILIA,2022-10-18,2022-10-18,Z363832493,,24,AFFIDAMENTO DIRETTO,SMARTCIG,,0,18617.26,18617.26,,,1,Z363832493,FORNITURA  MATERIALI PER LA REALIZZAZIONE DEL PROGETTO EDUGREEN CAP A03/15 A FINANZIAMENTO COMUNITARIO PON 2014-2020,FORNITURA  MATERIALI PER LA REALIZZAZIONE DEL PROGETTO EDUGREEN CAP A03/15 A FINANZIAMENTO COMUNITARIO PON 2014-2020,FORNITURE,,ATTIVO,,,,,,,,,,,,,,,,,
53,OK,02626000836,MESSINA,,CONSORZIO CENTRO PER LO SVILUPPO DEL TURISMO CULTURALE PER LA SICILIA,DIREZIONE GENERALE,244FB006-7402-4A4A-AAD9-7E82912604BE,"CORSO CAVOUR N. 87, PALAZZO DEI LEONI",019083048,SICILIA,NON CLASSIFICATO,2022-12-07,2022-12-07,Z5838FB3DF,,24,AFFIDAMENTO DIRETTO,SMARTCIG,,0,1131.65,1131.65,,,1,Z5838FB3DF,"FORNITURA ARREDI PER ALLESTIMENTO SALA MULTIMEDIALE E FUNZIONALITÀ UFFICI NELL'AMBITO DELL'INTERVENTO “CENTRO PER L'IMPRENDITORIA GIOVANILE PER LA FORMAZIONE, ORIENTAMENTO ED ANIMAZIONE” INSERITO NEL PATTO PER LO SVILUPPO DELLA CITTÀ METROPOLITANA DI MESSINA","FORNITURA ARREDI PER ALLESTIMENTO SALA MULTIMEDIALE E FUNZIONALITÀ UFFICI NELL'AMBITO DELL'INTERVENTO “CENTRO PER L'IMPRENDITORIA GIOVANILE PER LA FORMAZIONE, ORIENTAMENTO ED ANIMAZIONE” INSERITO NEL PATTO PER LO SVILUPPO DELLA CITTÀ METROPOLITANA DI MESSINA",FORNITURE,,ATTIVO,,,,,,,,,,,,,,,,,
54,OK,02626000836,MESSINA,,CONSORZIO CENTRO PER LO SVILUPPO DEL TURISMO CULTURALE PER LA SICILIA,DIREZIONE GENERALE,244FB006-7402-4A4A-AAD9-7E82912604BE,"CORSO CAVOUR N. 87, PALAZZO DEI LEONI",019083048,SICILIA,NON CLASSIFICATO,2022-09-01,2022-09-01,Z73379CDF7,,24,AFFIDAMENTO DIRETTO,SMARTCIG,,0,2603,2603,,,1,Z73379CDF7,"REALIZZAZIONE MATERIALE PROMOPUBBLICITARIO NELL'AMBITO DELL'INTERVENTO “CENTRO PER L'IMPRENDITORIA GIOVANILE PER LA FORMAZIONE, ORIENTAMENTO ED ANIMAZIONE” INSERITO NEL PATTO PER LO SVILUPPO DELLA CITTÀ METROPOLITANA DI MESSINA","REALIZZAZIONE MATERIALE PROMOPUBBLICITARIO NELL'AMBITO DELL'INTERVENTO “CENTRO PER L'IMPRENDITORIA GIOVANILE PER LA FORMAZIONE, ORIENTAMENTO ED ANIMAZIONE” INSERITO NEL PATTO PER LO SVILUPPO DELLA CITTÀ METROPOLITANA DI MESSINA",SERVIZI,,ATTIVO,,,,,,,,,,,,,,,,,
55,OK,02626000836,MESSINA,,CONSORZIO CENTRO PER LO SVILUPPO DEL TURISMO CULTURALE PER LA SICILIA,DIREZIONE GENERALE,244FB006-7402-4A4A-AAD9-7E82912604BE,"CORSO CAVOUR N. 87, PALAZZO DEI LEONI",019083048,SICILIA,NON CLASSIFICATO,2022-07-06,2022-07-06,Z763710E67,,24,AFFIDAMENTO DIRETTO,SMARTCIG,,0,2900,2900,,,1,Z763710E67,"REALIZZAZIONE DEL SITO INTERNERT NELL’AMBITO DELL’INTERVENTO “CENTRO PER L'IMPRENDITORIA GIOVANILE PER LA FORMAZIONE, ORIENTAMENTO ED ANIMAZIONE” INSERITO NEL PATTO PER LO SVILUPPO DELLA CITTÀ METROPOLITANA DI MESSINA","REALIZZAZIONE DEL SITO INTERNERT NELL’AMBITO DELL’INTERVENTO “CENTRO PER L'IMPRENDITORIA GIOVANILE PER LA FORMAZIONE, ORIENTAMENTO ED ANIMAZIONE” INSERITO NEL PATTO PER LO SVILUPPO DELLA CITTÀ METROPOLITANA DI MESSINA",SERVIZI,,ATTIVO,,,,,,,,,,,,,,,,,
56,OK,97062190836,MESSINA,0000333358,19? IST. COMPRENSIVO EVEMERO DA MESSINA TORRE FARO,19° ISTITUTO COMPRENSIVO EVEMERO DA MESSINA,744E602D-8917-47BE-8F2F-A5E44C619542,C.DA SALINA VIA CARATOZZOLO TORRE FARO,019083048,SICILIA,SEZIONE REGIONALE SICILIA,2022-10-05,2022-10-05,Z83380785F,,24,AFFIDAMENTO DIRETTO,SMARTCIG,,0,5984.43,5984.43,,,1,Z83380785F,FORNITURA SITO + MODULI DI SERVIZI INTEGRATI PER ISTITUTI COMPRENSIVI CAP  P01/06,FORNITURA SITO + MODULI DI SERVIZI INTEGRATI PER ISTITUTI COMPRENSIVI CAP  P01/06,FORNITURE,,ATTIVO,,,,,,,,,,,,,,,,,
57,OK,97254170588,ROMA,0000247334,AGENZIA INDUSTRIE DIFESA,DIREZIONE GENERALE,065666C2-802E-4D10-AE31-4DBE87E5C7C9,VIA XX SETTEMBRE,012058091,LAZIO,SEZIONE REGIONALE CENTRALE,2021-09-20,2021-09-20,Z94331A01F,,24,AFFIDAMENTO DIRETTO,SMARTCIG,,0,36209.8,36209.8,,,1,Z94331A01F,"ARSENALE MILITARE DI MESSINA – MESSINA – A.I.D. – I.D. 7640 - PROGETTAZIONE DEFINITIVA ED ESECUTIVA PER L'ADEGUAMENTO A NORMA DELL'IMPIANTO DI PRIMA PIOGGIA, DELLE RETI FOGNARIE E DELL'IMPIANTO DI DEPURAZIONE","ARSENALE MILITARE DI MESSINA – MESSINA – A.I.D. – I.D. 7640 - PROGETTAZIONE DEFINITIVA ED ESECUTIVA PER L'ADEGUAMENTO A NORMA DELL'IMPIANTO DI PRIMA PIOGGIA, DELLE RETI FOGNARIE E DELL'IMPIANTO DI DEPURAZIONE",SERVIZI,,ATTIVO,,,,,,,,,,,,,,,,,
58,OK,00080270838,MESSINA,0000158996,COMUNE DI MESSINA,DIPARTIMENTO SERVIZI TECNICI,D2547F31-4576-4078-942E-8F1AB5C42E23,PIAZZA UNIONE EUROPEA SN,019083048,SICILIA,SEZIONE REGIONALE SICILIA,2022-12-20,2022-12-20,ZB43936940,,24,AFFIDAMENTO DIRETTO,SMARTCIG,,0,6648.03,6648.03,,,1,ZB43936940,AFFIDAMENTO DIRETTO INCARICO DI SUPPORTO AL RUP PROGETTO “RIQUALIFICAZIONE FUNZIONALE E MESSA IN SICUREZZA SCUOLA “SAN NICOLA”” RIENTRANTE NEL PNRR,AFFIDAMENTO DIRETTO INCARICO DI SUPPORTO AL RUP PROGETTO “RIQUALIFICAZIONE FUNZIONALE E MESSA IN SICUREZZA SCUOLA “SAN NICOLA”” RIENTRANTE NEL PNRR,SERVIZI,,ATTIVO,,,,,,,,,,,,,,,,,
59,OK,97062190836,MESSINA,0000333358,19? IST. COMPRENSIVO EVEMERO DA MESSINA TORRE FARO,19° ISTITUTO COMPRENSIVO EVEMERO DA MESSINA,744E602D-8917-47BE-8F2F-A5E44C619542,C.DA SALINA VIA CARATOZZOLO TORRE FARO,019083048,SICILIA,SEZIONE REGIONALE SICILIA,2022-11-16,2022-11-16,ZC9389C33A,,24,AFFIDAMENTO DIRETTO,SMARTCIG,,0,95,95,,,1,ZC9389C33A,FORNITURA MATERIALE PUBBLICITARIO PROGETTO  EDUGREEN I°CICLO 13.1.3A-FESRPON-SI-2022-299 CAP A03/15,FORNITURA MATERIALE PUBBLICITARIO PROGETTO  EDUGREEN I°CICLO 13.1.3A-FESRPON-SI-2022-299 CAP A03/15,FORNITURE,,ATTIVO,,,,,,,,,,,,,,,,,
